Ref,Val,Package,PosX,PosY,Rot,Side
"C302","0.1u","C_0805_2012Metric_Pad1.18x1.45mm_HandSolder",-214.500000,-121.000000,-90.000000,bottom
"C804","0.1u","C_0805_2012Metric_Pad1.18x1.45mm_HandSolder",-243.000000,-82.000000,0.000000,bottom
"C807","0.1u","C_0805_2012Metric_Pad1.18x1.45mm_HandSolder",-243.537500,-75.250000,180.000000,bottom
"C905","0.1u","C_0805_2012Metric_Pad1.18x1.45mm_HandSolder",-67.000000,-55.000000,180.000000,bottom
"C906","0.1u","C_0805_2012Metric_Pad1.18x1.45mm_HandSolder",-76.000000,-57.000000,180.000000,bottom
"C911","0.1u","C_0805_2012Metric_Pad1.18x1.45mm_HandSolder",-87.100000,-74.200000,0.000000,bottom
"C912","0.1u","C_0805_2012Metric_Pad1.18x1.45mm_HandSolder",-68.000000,-79.000000,180.000000,bottom
"C914","0.0027u","C_0805_2012Metric_Pad1.18x1.45mm_HandSolder",-62.000000,-79.000000,90.000000,bottom
"C915","0.0027u","C_0805_2012Metric_Pad1.18x1.45mm_HandSolder",-58.000000,-83.000000,0.000000,bottom
"C916","0.0027u","C_0805_2012Metric_Pad1.18x1.45mm_HandSolder",-53.000000,-83.000000,0.000000,bottom
"C917","0.0027u","C_0805_2012Metric_Pad1.18x1.45mm_HandSolder",-56.000000,-80.000000,180.000000,bottom
"C919","0.01u","C_0805_2012Metric_Pad1.18x1.45mm_HandSolder",-74.000000,-74.000000,90.000000,bottom
"C1005","150p","C_0805_2012Metric_Pad1.18x1.45mm_HandSolder",-123.750000,-69.787500,90.000000,bottom
"C1205","1000p","C_0805_2012Metric_Pad1.18x1.45mm_HandSolder",-198.500000,-70.500000,0.000000,bottom
"C1206","1000p","C_0805_2012Metric_Pad1.18x1.45mm_HandSolder",-194.000000,-64.000000,180.000000,bottom
"C1207","1000p","C_0805_2012Metric_Pad1.18x1.45mm_HandSolder",-207.500000,-79.500000,0.000000,bottom
"C1208","1000p","C_0805_2012Metric_Pad1.18x1.45mm_HandSolder",-205.500000,-72.000000,90.000000,bottom
"C1210","0.1u","C_0805_2012Metric_Pad1.18x1.45mm_HandSolder",-219.500000,-67.000000,180.000000,bottom
"C1213","150p","C_0805_2012Metric_Pad1.18x1.45mm_HandSolder",-237.962500,-68.500000,180.000000,bottom
"C1401","0.01u","C_0805_2012Metric_Pad1.18x1.45mm_HandSolder",-168.500000,-76.000000,90.000000,bottom
"C1403","0.01u","C_0805_2012Metric_Pad1.18x1.45mm_HandSolder",-162.400000,-80.300000,0.000000,bottom
"C1406","0.01u","C_0805_2012Metric_Pad1.18x1.45mm_HandSolder",-167.000000,-95.200000,0.000000,bottom
"C1408","0.01u","C_0805_2012Metric_Pad1.18x1.45mm_HandSolder",-184.000000,-81.000000,0.000000,bottom
"C1410","1000p","C_0805_2012Metric_Pad1.18x1.45mm_HandSolder",-153.000000,-79.000000,-90.000000,bottom
"C1411","1000p","C_0805_2012Metric_Pad1.18x1.45mm_HandSolder",-151.500000,-71.000000,90.000000,bottom
"C1412","1000p","C_0805_2012Metric_Pad1.18x1.45mm_HandSolder",-180.000000,-85.000000,-90.000000,bottom
"C1413","1000p","C_0805_2012Metric_Pad1.18x1.45mm_HandSolder",-180.000000,-77.000000,90.000000,bottom
"C1415","0.01u","C_0805_2012Metric_Pad1.18x1.45mm_HandSolder",-193.900000,-54.300000,0.000000,bottom
"C1501","16p","C_0805_2012Metric_Pad1.18x1.45mm_HandSolder",-161.000000,-60.000000,-90.000000,bottom
"C1502","13p","C_0805_2012Metric_Pad1.18x1.45mm_HandSolder",-153.500000,-58.000000,-90.000000,bottom
"C1503","16p","C_0805_2012Metric_Pad1.18x1.45mm_HandSolder",-143.900000,-53.700000,0.000000,bottom
"C1601","0.1u","C_0805_2012Metric_Pad1.18x1.45mm_HandSolder",-100.000000,-72.000000,90.000000,bottom
"C1701","430p","C_0805_2012Metric_Pad1.18x1.45mm_HandSolder",-59.000000,-115.000000,180.000000,bottom
"C1702","430p","C_0805_2012Metric_Pad1.18x1.45mm_HandSolder",-64.000000,-126.000000,0.000000,bottom
"C1703","15p","C_0805_2012Metric_Pad1.18x1.45mm_HandSolder",-59.000000,-119.000000,180.000000,bottom
"C1704","15p","C_0805_2012Metric_Pad1.18x1.45mm_HandSolder",-64.000000,-123.000000,0.000000,bottom
"C1705","120p","C_0805_2012Metric_Pad1.18x1.45mm_HandSolder",-53.000000,-103.000000,180.000000,bottom
"C1706","150p","C_0805_2012Metric_Pad1.18x1.45mm_HandSolder",-53.000000,-112.000000,180.000000,bottom
"C1707","10p","C_0805_2012Metric_Pad1.18x1.45mm_HandSolder",-53.000000,-108.000000,180.000000,bottom
"C1708","10p","C_0805_2012Metric_Pad1.18x1.45mm_HandSolder",-57.000000,-133.000000,180.000000,bottom
"C1709","150P","C_0805_2012Metric_Pad1.18x1.45mm_HandSolder",-57.000000,-136.000000,180.000000,bottom
"C1710","120p","C_0805_2012Metric_Pad1.18x1.45mm_HandSolder",-63.000000,-141.000000,180.000000,bottom
"C1711","18p","C_0805_2012Metric_Pad1.18x1.45mm_HandSolder",-59.000000,-123.000000,180.000000,bottom
"C1712","150p","C_0805_2012Metric_Pad1.18x1.45mm_HandSolder",-59.000000,-126.000000,180.000000,bottom
"C1715","10p","C_0805_2012Metric_Pad1.18x1.45mm_HandSolder",-74.000000,-145.000000,0.000000,bottom
"C1716","150P","C_0805_2012Metric_Pad1.18x1.45mm_HandSolder",-74.000000,-141.000000,0.000000,bottom
"C1717","150p","C_0805_2012Metric_Pad1.18x1.45mm_HandSolder",-79.000000,-145.000000,0.000000,bottom
"C1718","20p","C_0805_2012Metric_Pad1.18x1.45mm_HandSolder",-79.000000,-141.000000,0.000000,bottom
"C1801","0.1u","C_0805_2012Metric_Pad1.18x1.45mm_HandSolder",-108.000000,-145.000000,0.000000,bottom
"C1802","0.1u","C_0805_2012Metric_Pad1.18x1.45mm_HandSolder",-136.000000,-143.000000,-90.000000,bottom
"C1804","0.01u","C_0805_2012Metric_Pad1.18x1.45mm_HandSolder",-92.000000,-137.000000,180.000000,bottom
"C1809","0.1u","C_0805_2012Metric_Pad1.18x1.45mm_HandSolder",-135.500000,-136.000000,0.000000,bottom
"C1810","0.1u","C_0805_2012Metric_Pad1.18x1.45mm_HandSolder",-108.000000,-135.000000,90.000000,bottom
"C2001","1000p","C_0805_2012Metric_Pad1.18x1.45mm_HandSolder",-142.500000,-107.000000,-90.000000,bottom
"C2002","150p","C_0805_2012Metric_Pad1.18x1.45mm_HandSolder",-149.100000,-113.600000,0.000000,bottom
"C2004","0.1u","C_0805_2012Metric_Pad1.18x1.45mm_HandSolder",-163.000000,-124.000000,-90.000000,bottom
"C2101","0.1u","C_0805_2012Metric_Pad1.18x1.45mm_HandSolder",-217.000000,-96.000000,0.000000,bottom
"C2201","0.1u","C_0805_2012Metric_Pad1.18x1.45mm_HandSolder",-135.500000,-126.000000,90.000000,bottom
"C2301","0.1u","C_0805_2012Metric_Pad1.18x1.45mm_HandSolder",-67.000000,-116.000000,180.000000,bottom
"C2302","0.1u","C_0805_2012Metric_Pad1.18x1.45mm_HandSolder",-236.500000,-126.000000,180.000000,bottom
"C2304","1000p","C_0805_2012Metric_Pad1.18x1.45mm_HandSolder",-67.000000,-59.000000,-90.000000,bottom
"C2305","0.1u","C_0805_2012Metric_Pad1.18x1.45mm_HandSolder",-53.437500,-61.200000,180.000000,bottom
"C2306","0.1u","C_0805_2012Metric_Pad1.18x1.45mm_HandSolder",-236.500000,-129.500000,180.000000,bottom
"C2310","0.1u","C_0805_2012Metric_Pad1.18x1.45mm_HandSolder",-241.000000,-136.000000,-90.000000,bottom
"C2311","0.1u","C_0805_2012Metric_Pad1.18x1.45mm_HandSolder",-234.000000,-136.000000,-90.000000,bottom
"CR1801","BAT54","SOT23-3-SAR-V2",-74.000000,-112.500000,90.000000,bottom
"E1402","FB0805","L_0805_2012Metric_Pad1.05x1.20mm_HandSolder",-149.000000,-79.000000,90.000000,bottom
"E1403","FB0805","L_0805_2012Metric_Pad1.05x1.20mm_HandSolder",-155.000000,-71.000000,-90.000000,bottom
"Q901","MMBT3906","SOT23-3-SAR-V2",-64.000000,-66.000000,-90.000000,bottom
"Q903","MMBT3904","SOT23-3-SAR-V2",-75.000000,-68.000000,180.000000,bottom
"R401","10K","R_0805_2012Metric_Pad1.15x1.40mm_HandSolder",-224.500000,-114.500000,0.000000,bottom
"R402","10K","R_0805_2012Metric_Pad1.15x1.40mm_HandSolder",-224.500000,-111.500000,0.000000,bottom
"R804","10K","R_0805_2012Metric_Pad1.20x1.40mm_HandSolder",-243.000000,-84.500000,0.000000,bottom
"R807","10K","R_0805_2012Metric_Pad1.20x1.40mm_HandSolder",-244.250000,-78.750000,180.000000,bottom
"R901","100","R_0805_2012Metric_Pad1.15x1.40mm_HandSolder",-84.000000,-56.000000,180.000000,bottom
"R902","10K","R_0805_2012Metric_Pad1.15x1.40mm_HandSolder",-84.000000,-59.000000,180.000000,bottom
"R903","10K","R_0805_2012Metric_Pad1.15x1.40mm_HandSolder",-70.000000,-66.000000,180.000000,bottom
"R906","10K","R_0805_2012Metric_Pad1.15x1.40mm_HandSolder",-86.000000,-63.000000,180.000000,bottom
"R909","2K","R_0805_2012Metric_Pad1.15x1.40mm_HandSolder",-101.000000,-61.000000,-90.000000,bottom
"R911","100","R_0805_2012Metric_Pad1.20x1.40mm_HandSolder",-57.250000,-60.750000,90.000000,bottom
"R912","6.8K","R_0805_2012Metric_Pad1.20x1.40mm_HandSolder",-58.300000,-66.000000,180.000000,bottom
"R917","47K","R_0805_2012Metric_Pad1.15x1.40mm_HandSolder",-73.000000,-79.000000,180.000000,bottom
"R919","22K","R_0805_2012Metric_Pad1.15x1.40mm_HandSolder",-67.000000,-72.000000,180.000000,bottom
"R920","47K","R_0805_2012Metric_Pad1.15x1.40mm_HandSolder",-64.000000,-62.000000,0.000000,bottom
"R922","47K","R_0805_2012Metric_Pad1.15x1.40mm_HandSolder",-78.000000,-75.000000,0.000000,bottom
"R923","47K","R_0805_2012Metric_Pad1.15x1.40mm_HandSolder",-62.000000,-84.000000,-90.000000,bottom
"R924","47K","R_0805_2012Metric_Pad1.15x1.40mm_HandSolder",-57.000000,-88.000000,-90.000000,bottom
"R925","47K","R_0805_2012Metric_Pad1.15x1.40mm_HandSolder",-52.000000,-79.000000,90.000000,bottom
"R926","39K","R_0805_2012Metric_Pad1.15x1.40mm_HandSolder",-58.000000,-71.000000,90.000000,bottom
"R1001","0","R_0805_2012Metric_Pad1.15x1.40mm_HandSolder",-114.000000,-80.000000,0.000000,bottom
"R1002","DNI","R_0805_2012Metric_Pad1.15x1.40mm_HandSolder",-118.000000,-81.000000,-90.000000,bottom
"R1003","DNI","R_0805_2012Metric_Pad1.15x1.40mm_HandSolder",-113.000000,-77.000000,90.000000,bottom
"R1008","2.2K","R_0805_2012Metric_Pad1.15x1.40mm_HandSolder",-124.750000,-59.250000,90.000000,bottom
"R1206","36","R_0805_2012Metric_Pad1.15x1.40mm_HandSolder",-238.225000,-64.250000,180.000000,bottom
"R1209","150","R_0805_2012Metric_Pad1.15x1.40mm_HandSolder",-240.250000,-71.000000,0.000000,bottom
"R1301","18","R_0805_2012Metric_Pad1.15x1.40mm_HandSolder",-197.000000,-90.500000,-90.000000,bottom
"R1302","300","R_0805_2012Metric_Pad1.15x1.40mm_HandSolder",-200.500000,-91.500000,0.000000,bottom
"R1303","300","R_0805_2012Metric_Pad1.15x1.40mm_HandSolder",-200.500000,-89.000000,0.000000,bottom
"R1401","1.1K","R_0805_2012Metric_Pad1.15x1.40mm_HandSolder",-167.000000,-93.000000,180.000000,bottom
"R1410","33","R_0805_2012Metric_Pad1.15x1.40mm_HandSolder",-184.000000,-84.000000,0.000000,bottom
"R1411","33","R_0805_2012Metric_Pad1.15x1.40mm_HandSolder",-184.000000,-78.000000,0.000000,bottom
"R1802","82","R_0805_2012Metric_Pad1.15x1.40mm_HandSolder",-133.500000,-143.000000,-90.000000,bottom
"R1803","2.2K","R_0805_2012Metric_Pad1.15x1.40mm_HandSolder",-100.500000,-143.000000,90.000000,bottom
"R1806","2.2K","R_0805_2012Metric_Pad1.15x1.40mm_HandSolder",-87.000000,-129.000000,-90.000000,bottom
"R2001","18","R_0805_2012Metric_Pad1.15x1.40mm_HandSolder",-159.000000,-140.000000,0.000000,bottom
"R2002","300","R_0805_2012Metric_Pad1.15x1.40mm_HandSolder",-166.000000,-140.000000,0.000000,bottom
"R2003","300","R_0805_2012Metric_Pad1.15x1.40mm_HandSolder",-156.500000,-143.000000,-90.000000,bottom
"R2010","2.2K","R_0805_2012Metric_Pad1.15x1.40mm_HandSolder",-159.000000,-123.000000,90.000000,bottom
"R2011","47K","R_0805_2012Metric_Pad1.15x1.40mm_HandSolder",-184.500000,-137.000000,0.000000,bottom
"R2012","1K","R_0805_2012Metric_Pad1.15x1.40mm_HandSolder",-182.000000,-141.500000,180.000000,bottom
"R2013","3.3K","R_0805_2012Metric_Pad1.15x1.40mm_HandSolder",-183.500000,-125.000000,90.000000,bottom
"R2014","1K","R_0805_2012Metric_Pad1.15x1.40mm_HandSolder",-174.500000,-134.000000,180.000000,bottom
"R2015","10K","R_0805_2012Metric_Pad1.15x1.40mm_HandSolder",-187.000000,-125.000000,90.000000,bottom
"R2201","10K","R_0805_2012Metric_Pad1.15x1.40mm_HandSolder",-89.500000,-106.525000,90.000000,bottom
"R2202","10K","R_0805_2012Metric_Pad1.15x1.40mm_HandSolder",-93.000000,-111.500000,90.000000,bottom
"R2206","10K","R_0805_2012Metric_Pad1.15x1.40mm_HandSolder",-83.000000,-114.000000,-90.000000,bottom
"U302","MCP4725","SOT23-6-SAR",-218.000000,-122.000000,90.000000,bottom
"U1301","ADE-1","MCL-6-SMD_7R97X5R59",-197.000000,-80.000000,90.000000,bottom
"U1401","AS169-73","SOT-23-6",-179.000000,-81.000000,0.000000,bottom
"C301","0.1u","C_0805_2012Metric_Pad1.18x1.45mm_HandSolder",236.500000,-112.000000,0.000000,top
"C303","0.1u","C_0805_2012Metric_Pad1.18x1.45mm_HandSolder",206.000000,-85.500000,180.000000,top
"C304","1u","C_0805_2012Metric_Pad1.18x1.45mm_HandSolder",223.500000,-134.000000,-90.000000,top
"C305","10u","C_0805_2012Metric_Pad1.18x1.45mm_HandSolder",219.525000,-129.000000,180.000000,top
"C401","0.1u","C_0805_2012Metric_Pad1.18x1.45mm_HandSolder",231.500000,-112.000000,0.000000,top
"C801","22u","CP_Elec_6.3x5.7",215.500000,-141.000000,-90.000000,top
"C802","0.1u","C_0805_2012Metric_Pad1.18x1.45mm_HandSolder",234.000000,-141.000000,0.000000,top
"C803","4.7u","C_0805_2012Metric_Pad1.18x1.45mm_HandSolder",228.500000,-133.000000,90.000000,top
"C805","4.7u","C_0805_2012Metric_Pad1.18x1.45mm_HandSolder",236.000000,-81.250000,0.000000,top
"C806","4.7u","C_0805_2012Metric_Pad1.18x1.45mm_HandSolder",236.000000,-76.250000,0.000000,top
"C901","0.1u","C_0805_2012Metric_Pad1.18x1.45mm_HandSolder",88.000000,-63.000000,0.000000,top
"C902","100u","CP_Elec_8x10",84.000000,-56.000000,180.000000,top
"C903","22u","CP_Elec_6.3x5.7",70.000000,-66.000000,180.000000,top
"C904","0.01u","C_0805_2012Metric_Pad1.18x1.45mm_HandSolder",90.200000,-66.900000,90.000000,top
"C907","22u","CP_Elec_6.3x5.7",95.000000,-57.000000,0.000000,top
"C908","22u","CP_Elec_6.3x5.7",106.000000,-57.000000,180.000000,top
"C909","0.0027u","C_0805_2012Metric_Pad1.18x1.45mm_HandSolder",86.000000,-71.000000,180.000000,top
"C910","22u","CP_Elec_6.3x5.7",57.000000,-63.250000,180.000000,top
"C913","22u","CP_Elec_6.3x5.7",66.000000,-84.500000,180.000000,top
"C918","22u","CP_Elec_6.3x5.7",55.000000,-83.000000,-90.000000,top
"C1001","0.01u","C_0805_2012Metric_Pad1.18x1.45mm_HandSolder",136.000000,-73.000000,90.000000,top
"C1002","0.01u","C_0805_2012Metric_Pad1.18x1.45mm_HandSolder",136.000000,-84.000000,180.000000,top
"C1003","1000p","C_0805_2012Metric_Pad1.18x1.45mm_HandSolder",131.750000,-75.500000,90.000000,top
"C1004","0.1u","C_0805_2012Metric_Pad1.18x1.45mm_HandSolder",142.000000,-88.000000,-90.000000,top
"C1201","0.1u","C_0805_2012Metric_Pad1.18x1.45mm_HandSolder",200.600000,-70.500000,0.000000,top
"C1202","0.1u","C_0805_2012Metric_Pad1.18x1.45mm_HandSolder",202.500000,-77.500000,-90.000000,top
"C1203","0.1u","C_0805_2012Metric_Pad1.18x1.45mm_HandSolder",194.500000,-68.500000,90.000000,top
"C1204","0.1u","C_0805_2012Metric_Pad1.18x1.45mm_HandSolder",223.250000,-72.500000,180.000000,top
"C1209","0.1u","C_0805_2012Metric_Pad1.18x1.45mm_HandSolder",220.500000,-56.000000,-90.000000,top
"C1211","0.1u","C_0805_2012Metric_Pad1.18x1.45mm_HandSolder",225.500000,-68.500000,180.000000,top
"C1212","0.1u","C_0805_2012Metric_Pad1.18x1.45mm_HandSolder",207.000000,-59.000000,-90.000000,top
"C1214","0.1u","C_0805_2012Metric_Pad1.18x1.45mm_HandSolder",201.500000,-59.500000,-90.000000,top
"C1215","0.1u","C_0805_2012Metric_Pad1.18x1.45mm_HandSolder",207.000000,-66.500000,-90.000000,top
"C1402","0.01u","C_0805_2012Metric_Pad1.18x1.45mm_HandSolder",176.000000,-93.000000,0.000000,top
"C1404","0.01u","C_0805_2012Metric_Pad1.18x1.45mm_HandSolder",157.000000,-82.000000,-90.000000,top
"C1405","0.01u","C_0805_2012Metric_Pad1.18x1.45mm_HandSolder",162.000000,-91.000000,0.000000,top
"C1407","0.01u","C_0805_2012Metric_Pad1.18x1.45mm_HandSolder",172.000000,-90.000000,0.000000,top
"C1409","0.01u","C_0805_2012Metric_Pad1.18x1.45mm_HandSolder",152.000000,-76.000000,0.000000,top
"C1414","0.01u","C_0805_2012Metric_Pad1.18x1.45mm_HandSolder",195.000000,-61.500000,-90.000000,top
"C1416","0.01u","C_0805_2012Metric_Pad1.18x1.45mm_HandSolder",183.000000,-63.000000,90.000000,top
"C1417","0.01u","C_0805_2012Metric_Pad1.18x1.45mm_HandSolder",183.000000,-71.000000,90.000000,top
"C1418","0.01u","C_0805_2012Metric_Pad1.18x1.45mm_HandSolder",172.000000,-57.000000,180.000000,top
"C1419","0.01u","C_0805_2012Metric_Pad1.18x1.45mm_HandSolder",166.000000,-70.000000,-90.000000,top
"C1420","0.01u","C_0805_2012Metric_Pad1.18x1.45mm_HandSolder",167.025000,-58.000000,180.000000,top
"C1421","0.01u","C_0805_2012Metric_Pad1.18x1.45mm_HandSolder",173.000000,-65.000000,-90.000000,top
"C1602","0.1u","C_0805_2012Metric_Pad1.18x1.45mm_HandSolder",108.000000,-71.000000,180.000000,top
"C1603","0.1u","C_0805_2012Metric_Pad1.18x1.45mm_HandSolder",108.000000,-78.000000,-90.000000,top
"C1604","0.1u","C_0805_2012Metric_Pad1.18x1.45mm_HandSolder",116.000000,-63.475000,90.000000,top
"C1605","0.1u","C_0805_2012Metric_Pad1.18x1.45mm_HandSolder",94.000000,-73.000000,0.000000,top
"C1606","0.1u","C_0805_2012Metric_Pad1.18x1.45mm_HandSolder",92.000000,-85.000000,0.000000,top
"C1713","150p","C_0805_2012Metric_Pad1.18x1.45mm_HandSolder",66.000000,-90.000000,90.000000,top
"C1714","10p","C_0805_2012Metric_Pad1.18x1.45mm_HandSolder",62.000000,-90.000000,90.000000,top
"C1719","150p","C_0805_2012Metric_Pad1.18x1.45mm_HandSolder",72.200000,-90.000000,-90.000000,top
"C1720","20p","C_0805_2012Metric_Pad1.18x1.45mm_HandSolder",69.000000,-90.000000,-90.000000,top
"C1803","0.01u","C_0805_2012Metric_Pad1.18x1.45mm_HandSolder",112.000000,-143.000000,180.000000,top
"C1805","60p","Cap_Trimmer_THT_6mm_plastic",86.000000,-140.000000,180.000000,top
"C1806","0.1u","C_0805_2012Metric_Pad1.18x1.45mm_HandSolder",101.000000,-136.000000,0.000000,top
"C1807","0.1u","C_0805_2012Metric_Pad1.18x1.45mm_HandSolder",118.000000,-138.000000,90.000000,top
"C1808","0.1u","C_0805_2012Metric_Pad1.18x1.45mm_HandSolder",92.000000,-132.000000,-90.000000,top
"C2003","22u","CP_Elec_6.3x5.7",171.000000,-119.500000,180.000000,top
"C2005","22u","CP_Elec_6.3x5.7",181.000000,-117.000000,90.000000,top
"C2006","22u","CP_Elec_6.3x5.7",189.500000,-135.000000,0.000000,top
"C2007","22u","CP_Elec_6.3x5.7",177.000000,-140.000000,-90.000000,top
"C2008","22u","CP_Elec_6.3x5.7",163.500000,-131.000000,180.000000,top
"C2102","470u","CP_Elec_10x10",220.000000,-92.000000,0.000000,top
"C2103","4.7u","C_0805_2012Metric_Pad1.18x1.45mm_HandSolder",218.000000,-112.000000,0.000000,top
"C2104","4.7u","C_0805_2012Metric_Pad1.18x1.45mm_HandSolder",200.500000,-110.000000,180.000000,top
"C2105","470u","CP_Elec_10x10",232.000000,-92.000000,90.000000,top
"C2106","0.1u","C_0805_2012Metric_Pad1.18x1.45mm_HandSolder",241.000000,-101.000000,0.000000,top
"C2202","22u","CP_Elec_6.3x5.7",101.500000,-108.000000,0.000000,top
"C2203","22u","CP_Elec_6.3x5.7",131.500000,-127.000000,90.000000,top
"C2204","100u","CP_Elec_8x10",131.900000,-114.600000,-90.000000,top
"C2205","0.1u","C_0805_2012Metric_Pad1.18x1.45mm_HandSolder",110.500000,-113.000000,180.000000,top
"C2206","0.1u","C_0805_2012Metric_Pad1.18x1.45mm_HandSolder",78.000000,-117.000000,180.000000,top
"C2207","0.1u","C_0805_2012Metric_Pad1.18x1.45mm_HandSolder",99.000000,-117.500000,0.000000,top
"C2208","0.1u","C_0805_2012Metric_Pad1.18x1.45mm_HandSolder",86.000000,-109.000000,0.000000,top
"C2209","22u","CP_Elec_6.3x5.7",119.000000,-108.000000,0.000000,top
"C2210","1u","C_0805_2012Metric_Pad1.18x1.45mm_HandSolder",114.000000,-121.000000,90.000000,top
"C2211","4.7u","C_0805_2012Metric_Pad1.18x1.45mm_HandSolder",190.500000,-126.000000,-90.000000,top
"C2303","10u","C_0805_2012Metric_Pad1.18x1.45mm_HandSolder",236.500000,-126.000000,180.000000,top
"C2307","10u","C_0805_2012Metric_Pad1.18x1.45mm_HandSolder",236.500000,-129.500000,180.000000,top
"C2308","100p","C_0805_2012Metric_Pad1.18x1.45mm_HandSolder",232.500000,-120.000000,180.000000,top
"C2309","100p","C_0805_2012Metric_Pad1.18x1.45mm_HandSolder",232.500000,-122.500000,180.000000,top
"CR1802","BAT54","SOT23-3-SAR-V2",67.000000,-113.000000,0.000000,top
"CR2201","BAT54","SOT23-3-SAR-V2",100.000000,-127.000000,-90.000000,top
"CR2202","BAT54","SOT23-3-SAR-V2",95.000000,-127.000000,-90.000000,top
"CR2203","BAT54","SOT23-3-SAR-V2",105.000000,-127.000000,-90.000000,top
"CR2204","BAT54","SOT23-3-SAR-V2",87.000000,-120.000000,180.000000,top
"E1201","FB0805","L_0805_2012Metric_Pad1.05x1.20mm_HandSolder",198.500000,-74.000000,180.000000,top
"E1202","FB0805","L_0805_2012Metric_Pad1.05x1.20mm_HandSolder",191.000000,-68.500000,90.000000,top
"E1203","FB0805","L_0805_2012Metric_Pad1.05x1.20mm_HandSolder",217.500000,-56.000000,-90.000000,top
"E1401","FB0805","L_0805_2012Metric_Pad1.05x1.20mm_HandSolder",174.500000,-77.100000,180.000000,top
"E1404","FB0805","L_0805_2012Metric_Pad1.05x1.20mm_HandSolder",194.000000,-57.000000,180.000000,top
"E1801","FB0805","L_0805_2012Metric_Pad1.05x1.20mm_HandSolder",131.500000,-136.000000,180.000000,top
"E2301","FB0805","L_0805_2012Metric_Pad1.05x1.20mm_HandSolder",236.500000,-120.000000,180.000000,top
"E2302","FB0805","L_0805_2012Metric_Pad1.05x1.20mm_HandSolder",236.500000,-122.500000,180.000000,top
"E2303","FB0805","L_0805_2012Metric_Pad1.05x1.20mm_HandSolder",237.500000,-133.500000,180.000000,top
"J2301","CONN_SMA_VERT","SMA_Kinghelm_KHSMA-KE8-G_Vertical",121.000000,-88.000000,0.000000,top
"J2302","CONN2","JST_B2B_XH_A",241.500000,-93.750000,90.000000,top
"J2303","CONN2","JST_B2B_XH_A",122.000000,-124.225000,0.000000,top
"J2304","CONN_SMA_VERT","SMA_Kinghelm_KHSMA-KE8-G_Vertical",162.500000,-140.000000,90.000000,top
"J2305","CONN3","JST_B3B_XH_A",192.500000,-113.000000,90.000000,top
"J2306","CONN_SMA_VERT","SMA_Kinghelm_KHSMA-KE8-G_Vertical",217.500000,-78.250000,0.000000,top
"J2307","CONN3","JST_B3B_XH_A",69.000000,-119.000000,180.000000,top
"J2308","CONN_SMA_VERT","SMA_Kinghelm_KHSMA-KE8-G_Vertical",190.000000,-90.500000,0.000000,top
"J2309","CONN3","JST_B3B_XH_A",63.600000,-57.400000,90.000000,top
"J2310","CONN8","JST_B8B_XH_A",242.000000,-124.000000,90.000000,top
"L1001","81nH","AIR_CORE_9MMX6.3MM",123.750000,-69.500000,90.000000,top
"L1002","27uH","IND_Handwound_FT23",127.750000,-59.750000,90.000000,top
"L1201","81nH","AIR_CORE_9MMX6.3MM",238.000000,-68.500000,180.000000,top
"L1501","0.563uH","TOROID_T37_VERT",159.000000,-66.000000,90.000000,top
"L1502","0.563uH","TOROID_T37_VERT",137.500000,-57.400000,180.000000,top
"L1701","0.97uH","TOROID_T37_VERT",73.000000,-133.000000,-90.000000,top
"L1702","0.97uH","TOROID_T37_VERT",79.000000,-85.000000,0.000000,top
"L1801","27uH","IND_Handwound_FT23",104.500000,-143.500000,90.000000,top
"L1802","4.13uH","IND_Handwound_FT37",84.000000,-129.000000,180.000000,top
"L2001","81nH","AIR_CORE_9MMX6.3MM",149.100000,-113.100000,0.000000,top
"L2002","15uH","IND_Handwound_FT23",158.500000,-124.000000,-90.000000,top
"Q301","BSS138","SOT-23",231.000000,-125.750000,180.000000,top
"Q302","BSS138","SOT-23",226.500000,-123.562500,-90.000000,top
"Q801","SI2369","SOT-23",204.600000,-134.000000,0.000000,top
"Q802","SI2369","SOT-23",242.500000,-83.250000,0.000000,top
"Q803","BSS138","SOT-23",204.000000,-142.000000,90.000000,top
"Q804","SI2369","SOT-23",242.500000,-77.000000,0.000000,top
"Q805","MMBT3904","SOT23-3-SAR-V2",199.500000,-143.000000,0.000000,top
"Q806","SI2369","SOT-23",210.000000,-125.500000,0.000000,top
"Q807","BSS138","SOT-23",212.250000,-130.350000,0.000000,top
"Q808","MMBT3904","SOT23-3-SAR-V2",205.000000,-122.500000,-90.000000,top
"Q902","MMBT3904","SOT23-3-SAR-V2",59.000000,-75.000000,0.000000,top
"Q1201","2SC3357","SOT-89-3",212.000000,-62.000000,0.000000,top
"Q1401","2SC3357","SOT-89-3",167.000000,-88.000000,90.000000,top
"Q1402","2SC3357","SOT-89-3",176.500000,-60.000000,0.000000,top
"Q1601","MMBT3904","SOT23-3-SAR-V2",112.000000,-68.000000,180.000000,top
"Q1801","MMBFJ310","SOT23-3-SAR-V2",96.000000,-137.500000,90.000000,top
"Q1802","MMBFJ310","SOT23-3-SAR-V2",116.000000,-143.000000,180.000000,top
"Q1803","MMBT3904","SOT23-3-SAR-V2",102.000000,-132.000000,-90.000000,top
"Q1804","MMBT3904","SOT23-3-SAR-V2",122.000000,-135.000000,-90.000000,top
"Q1805","BSS138","SOT-23",69.500000,-109.000000,-90.000000,top
"Q2001","MMBT3904","SOT23-3-SAR-V2",182.000000,-133.000000,180.000000,top
"Q2002","MMBT3904","SOT23-3-SAR-V2",180.000000,-125.000000,-90.000000,top
"Q2003","MMBT3904","SOT23-3-SAR-V2",176.500000,-130.000000,-90.000000,top
"Q2101","BSS138","SOT-23",200.500000,-115.500000,180.000000,top
"Q2301","BSS138","SOT-23",232.500000,-131.500000,0.000000,top
"R301","10K","R_0805_2012Metric_Pad1.15x1.40mm_HandSolder",222.500000,-124.500000,0.000000,top
"R302","10K","R_0805_2012Metric_Pad1.15x1.40mm_HandSolder",222.500000,-120.000000,0.000000,top
"R303","100","R_0805_2012Metric_Pad1.15x1.40mm_HandSolder",66.500000,-105.500000,90.000000,top
"R403","1K","R_0805_2012Metric_Pad1.15x1.40mm_HandSolder",214.000000,-112.500000,90.000000,top
"R404","1K","R_0805_2012Metric_Pad1.15x1.40mm_HandSolder",211.000000,-112.500000,90.000000,top
"R405","1K","R_0805_2012Metric_Pad1.15x1.40mm_HandSolder",207.500000,-112.500000,90.000000,top
"R406","1K","R_0805_2012Metric_Pad1.15x1.40mm_HandSolder",231.500000,-115.000000,90.000000,top
"R801","470","R_0805_2012Metric_Pad1.15x1.40mm_HandSolder",234.000000,-144.500000,0.000000,top
"R802","10K","R_0805_2012Metric_Pad1.15x1.40mm_HandSolder",200.500000,-133.500000,-90.000000,top
"R803","10","R_0805_2012Metric_Pad1.15x1.40mm_HandSolder",205.000000,-138.000000,180.000000,top
"R805","100","R_0805_2012Metric_Pad1.15x1.40mm_HandSolder",200.500000,-138.000000,-90.000000,top
"R806","10K","R_0805_2012Metric_Pad1.15x1.40mm_HandSolder",198.000000,-138.500000,90.000000,top
"R808","10K","R_0805_2012Metric_Pad1.15x1.40mm_HandSolder",204.500000,-127.500000,90.000000,top
"R809","10","R_0805_2012Metric_Pad1.15x1.40mm_HandSolder",213.500000,-126.500000,-90.000000,top
"R810","100","R_0805_2012Metric_Pad1.15x1.40mm_HandSolder",206.500000,-127.500000,-90.000000,top
"R811","10K","R_0805_2012Metric_Pad1.15x1.40mm_HandSolder",206.000000,-118.500000,90.000000,top
"R904","10K","R_0805_2012Metric_Pad1.15x1.40mm_HandSolder",77.000000,-66.000000,180.000000,top
"R905","20K","Potentiometer_Bourns_3296W_Vertical_Screw_SS",72.000000,-59.800000,-90.000000,top
"R907","10K","R_0805_2012Metric_Pad1.15x1.40mm_HandSolder",93.700000,-66.900000,90.000000,top
"R908","680","R_0805_2012Metric_Pad1.15x1.40mm_HandSolder",77.000000,-62.000000,180.000000,top
"R910","270K","R_0805_2012Metric_Pad1.15x1.40mm_HandSolder",81.000000,-62.000000,180.000000,top
"R913","100K","R_0805_2012Metric_Pad1.15x1.40mm_HandSolder",79.000000,-75.000000,180.000000,top
"R914","100K","R_0805_2012Metric_Pad1.20x1.40mm_HandSolder",84.000000,-75.000000,90.000000,top
"R915","1K","R_0805_2012Metric_Pad1.15x1.40mm_HandSolder",63.000000,-70.000000,0.000000,top
"R916","20K","Potentiometer_Bourns_3296W_Vertical_Screw_SS",69.000000,-75.000000,0.000000,top
"R918","75K","R_0805_2012Metric_Pad1.15x1.40mm_HandSolder",58.000000,-71.000000,-90.000000,top
"R921","100","R_0805_2012Metric_Pad1.15x1.40mm_HandSolder",54.000000,-76.000000,0.000000,top
"R927","10K","R_0805_2012Metric_Pad1.15x1.40mm_HandSolder",54.000000,-72.000000,180.000000,top
"R1004","51","R_0805_2012Metric_Pad1.15x1.40mm_HandSolder",138.000000,-89.000000,180.000000,top
"R1005","0","R_0805_2012Metric_Pad1.15x1.40mm_HandSolder",135.000000,-69.000000,0.000000,top
"R1006","DNI","R_0805_2012Metric_Pad1.15x1.40mm_HandSolder",140.000000,-69.000000,0.000000,top
"R1007","DNI","R_0805_2012Metric_Pad1.15x1.40mm_HandSolder",135.000000,-65.000000,0.000000,top
"R1009","1K","R_0805_2012Metric_Pad1.15x1.40mm_HandSolder",120.000000,-55.000000,180.000000,top
"R1010","51","R_0805_2012Metric_Pad1.15x1.40mm_HandSolder",120.000000,-59.000000,180.000000,top
"R1201","0","R_0805_2012Metric_Pad1.15x1.40mm_HandSolder",202.500000,-82.500000,-90.000000,top
"R1202","0","R_0805_2012Metric_Pad1.15x1.40mm_HandSolder",194.500000,-73.000000,90.000000,top
"R1203","33","R_0805_2012Metric_Pad1.15x1.40mm_HandSolder",207.500000,-82.500000,0.000000,top
"R1204","33","R_0805_2012Metric_Pad1.15x1.40mm_HandSolder",209.500000,-73.000000,0.000000,top
"R1205","1.1K","R_0805_2012Metric_Pad1.15x1.40mm_HandSolder",205.000000,-56.500000,-90.000000,top
"R1207","910","R_0805_2012Metric_Pad1.15x1.40mm_HandSolder",212.500000,-58.000000,180.000000,top
"R1208","150","R_0805_2012Metric_Pad1.15x1.40mm_HandSolder",230.000000,-67.500000,90.000000,top
"R1210","360","R_0805_2012Metric_Pad1.15x1.40mm_HandSolder",206.500000,-62.000000,180.000000,top
"R1211","10","R_0805_2012Metric_Pad1.15x1.40mm_HandSolder",205.000000,-66.500000,90.000000,top
"R1212","30","R_0805_2012Metric_Pad1.15x1.40mm_HandSolder",210.500000,-66.500000,-90.000000,top
"R1402","36","R_0805_2012Metric_Pad1.15x1.40mm_HandSolder",157.000000,-89.000000,-90.000000,top
"R1403","150","R_0805_2012Metric_Pad1.15x1.40mm_HandSolder",154.000000,-90.000000,180.000000,top
"R1404","150","R_0805_2012Metric_Pad1.15x1.40mm_HandSolder",156.000000,-85.000000,180.000000,top
"R1405","1.6K","R_0805_2012Metric_Pad1.15x1.40mm_HandSolder",160.000000,-87.000000,-90.000000,top
"R1406","0","R_0805_2012Metric_Pad1.15x1.40mm_HandSolder",189.000000,-81.000000,0.000000,top
"R1407","360","R_0805_2012Metric_Pad1.15x1.40mm_HandSolder",162.000000,-93.000000,180.000000,top
"R1408","6.8","R_0805_2012Metric_Pad1.15x1.40mm_HandSolder",176.000000,-90.000000,0.000000,top
"R1409","30","R_0805_2012Metric_Pad1.15x1.40mm_HandSolder",172.000000,-88.000000,0.000000,top
"R1412","1.1K","R_0805_2012Metric_Pad1.15x1.40mm_HandSolder",172.000000,-55.000000,180.000000,top
"R1413","36","R_0805_2012Metric_Pad1.15x1.40mm_HandSolder",183.000000,-67.000000,90.000000,top
"R1414","1.6K","R_0805_2012Metric_Pad1.15x1.40mm_HandSolder",176.500000,-55.000000,180.000000,top
"R1415","36","R_0805_2012Metric_Pad1.15x1.40mm_HandSolder",166.000000,-62.000000,-90.000000,top
"R1416","150","R_0805_2012Metric_Pad1.15x1.40mm_HandSolder",186.000000,-64.000000,0.000000,top
"R1417","150","R_0805_2012Metric_Pad1.15x1.40mm_HandSolder",186.000000,-68.000000,0.000000,top
"R1418","360","R_0805_2012Metric_Pad1.15x1.40mm_HandSolder",171.000000,-61.500000,-90.000000,top
"R1419","6.8","R_0805_2012Metric_Pad1.15x1.40mm_HandSolder",173.000000,-69.000000,-90.000000,top
"R1420","30","R_0805_2012Metric_Pad1.15x1.40mm_HandSolder",176.500000,-65.000000,-90.000000,top
"R1421","150","R_0805_2012Metric_Pad1.15x1.40mm_HandSolder",167.000000,-66.000000,0.000000,top
"R1422","150","R_0805_2012Metric_Pad1.15x1.40mm_HandSolder",167.000000,-56.000000,0.000000,top
"R1501","0","R_0805_2012Metric_Pad1.15x1.40mm_HandSolder",148.000000,-75.000000,-90.000000,top
"R1502","0","R_0805_2012Metric_Pad1.15x1.40mm_HandSolder",140.000000,-64.000000,90.000000,top
"R1601","10","R_0805_2012Metric_Pad1.15x1.40mm_HandSolder",100.000000,-78.000000,-90.000000,top
"R1602","18","R_0805_2012Metric_Pad1.15x1.40mm_HandSolder",120.000000,-94.000000,0.000000,top
"R1603","8.2K","R_0805_2012Metric_Pad1.15x1.40mm_HandSolder",108.000000,-74.000000,0.000000,top
"R1604","300","R_0805_2012Metric_Pad1.15x1.40mm_HandSolder",124.000000,-94.000000,0.000000,top
"R1605","300","R_0805_2012Metric_Pad1.15x1.40mm_HandSolder",115.000000,-94.000000,180.000000,top
"R1606","1.6K","R_0805_2012Metric_Pad1.15x1.40mm_HandSolder",108.000000,-69.000000,0.000000,top
"R1607","1.5K","R_0805_2012Metric_Pad1.15x1.40mm_HandSolder",113.000000,-73.000000,-90.000000,top
"R1608","6.8","R_0805_2012Metric_Pad1.15x1.40mm_HandSolder",115.000000,-59.000000,180.000000,top
"R1609","120","R_0805_2012Metric_Pad1.15x1.40mm_HandSolder",113.000000,-63.500000,90.000000,top
"R1610","36","R_0805_2012Metric_Pad1.15x1.40mm_HandSolder",93.000000,-80.000000,90.000000,top
"R1611","150","R_0805_2012Metric_Pad1.15x1.40mm_HandSolder",92.000000,-76.000000,180.000000,top
"R1612","150","R_0805_2012Metric_Pad1.15x1.40mm_HandSolder",88.000000,-81.000000,180.000000,top
"R1701","0","R_0805_2012Metric_Pad1.15x1.40mm_HandSolder",76.000000,-124.000000,0.000000,top
"R1702","0","R_0805_2012Metric_Pad1.15x1.40mm_HandSolder",88.000000,-85.000000,180.000000,top
"R1801","82","R_0805_2012Metric_Pad1.15x1.40mm_HandSolder",96.500000,-144.000000,180.000000,top
"R1804","82","R_0805_2012Metric_Pad1.15x1.40mm_HandSolder",96.525000,-140.500000,180.000000,top
"R1805","82","R_0805_2012Metric_Pad1.15x1.40mm_HandSolder",121.000000,-144.000000,180.000000,top
"R1807","39K","R_0805_2012Metric_Pad1.15x1.40mm_HandSolder",96.000000,-130.000000,180.000000,top
"R1808","39K","R_0805_2012Metric_Pad1.15x1.40mm_HandSolder",105.000000,-137.000000,90.000000,top
"R1809","390","R_0805_2012Metric_Pad1.15x1.40mm_HandSolder",101.000000,-139.000000,0.000000,top
"R1810","39K","R_0805_2012Metric_Pad1.15x1.40mm_HandSolder",113.000000,-139.000000,90.000000,top
"R1811","39K","R_0805_2012Metric_Pad1.15x1.40mm_HandSolder",127.500000,-133.000000,180.000000,top
"R1812","390","R_0805_2012Metric_Pad1.15x1.40mm_HandSolder",127.500000,-138.000000,0.000000,top
"R1813","270K","R_0805_2012Metric_Pad1.15x1.40mm_HandSolder",109.000000,-139.000000,180.000000,top
"R1814","270K","R_0805_2012Metric_Pad1.15x1.40mm_HandSolder",70.000000,-105.000000,0.000000,top
"R1815","10K","R_0805_2012Metric_Pad1.15x1.40mm_HandSolder",107.000000,-131.000000,0.000000,top
"R1816","10K","R_0805_2012Metric_Pad1.15x1.40mm_HandSolder",123.000000,-131.000000,90.000000,top
"R1817","0","R_0805_2012Metric_Pad1.15x1.40mm_HandSolder",73.600000,-109.000000,180.000000,top
"R1818","20K","Potentiometer_Bourns_3296W_Vertical_Screw_SS",75.000000,-105.000000,180.000000,top
"R2004","18","R_0805_2012Metric_Pad1.15x1.40mm_HandSolder",140.500000,-134.000000,180.000000,top
"R2005","36","R_0805_2012Metric_Pad1.15x1.40mm_HandSolder",150.000000,-126.000000,-90.000000,top
"R2006","300","R_0805_2012Metric_Pad1.15x1.40mm_HandSolder",139.500000,-139.000000,-90.000000,top
"R2007","300","R_0805_2012Metric_Pad1.15x1.40mm_HandSolder",144.000000,-135.000000,-90.000000,top
"R2008","150","R_0805_2012Metric_Pad1.15x1.40mm_HandSolder",146.000000,-128.000000,180.000000,top
"R2009","150","R_0805_2012Metric_Pad1.15x1.40mm_HandSolder",146.000000,-124.500000,180.000000,top
"R2016","6.8K","R_0805_2012Metric_Pad1.15x1.40mm_HandSolder",181.500000,-128.500000,180.000000,top
"R2017","3.3K","R_0805_2012Metric_Pad1.15x1.40mm_HandSolder",175.000000,-125.000000,-90.000000,top
"R2018","100","R_0805_2012Metric_Pad1.15x1.40mm_HandSolder",171.500000,-129.000000,180.000000,top
"R2019","4.7K","R_0805_2012Metric_Pad1.15x1.40mm_HandSolder",171.500000,-125.500000,180.000000,top
"R2101","2.7","R_0805_2012Metric_Pad1.15x1.40mm_HandSolder",236.500000,-101.000000,0.000000,top
"R2203","100","R_0805_2012Metric_Pad1.15x1.40mm_HandSolder",132.500000,-106.000000,90.000000,top
"R2204","100K","R_0805_2012Metric_Pad1.15x1.40mm_HandSolder",82.000000,-109.000000,0.000000,top
"R2205","2.2M","R_0805_2012Metric_Pad1.15x1.40mm_HandSolder",115.000000,-126.000000,0.000000,top
"R2207","10K","R_0805_2012Metric_Pad1.15x1.40mm_HandSolder",99.000000,-113.000000,0.000000,top
"R2208","100K","R_0805_2012Metric_Pad1.15x1.40mm_HandSolder",95.500000,-115.500000,90.000000,top
"R2209","1K","R_0805_2012Metric_Pad1.15x1.40mm_HandSolder",111.000000,-124.000000,90.000000,top
"R2210","10K","R_0805_2012Metric_Pad1.15x1.40mm_HandSolder",78.000000,-113.000000,90.000000,top
"R2211","10K","R_0805_2012Metric_Pad1.15x1.40mm_HandSolder",83.000000,-120.000000,0.000000,top
"R2301","10K","R_0805_2012Metric_Pad1.15x1.40mm_HandSolder",63.000000,-115.000000,-90.000000,top
"T1201","XFMR_RF_BIFILAR","XFMR_Handwound_FT37",220.000000,-64.500000,90.000000,top
"T1401","XFMR_RF_BIFILAR","XFMR_Handwound_FT37",166.000000,-81.500000,180.000000,top
"T1402","XFMR_RF_BIFILAR","XFMR_Handwound_FT37",186.000000,-58.000000,180.000000,top
"T1601","XFMR_RF_BIFILAR","XFMR_Handwound_FT37",100.000000,-70.000000,90.000000,top
"T1801","FT37-43","XFMR_Handwound_FT37",130.500000,-142.000000,180.000000,top
"TP801","TESTPINTPSQ025","TESTPIN",219.500000,-133.500000,0.000000,top
"TP802","TESTPINTPSQ025","TESTPIN",209.500000,-136.500000,0.000000,top
"TP803","TESTPINTPSQ025","TESTPIN",209.500000,-120.000000,0.000000,top
"TP901","TESTPINTPSQ025","TESTPIN",114.000000,-56.000000,0.000000,top
"TP902","TESTPINTPSQ025","TESTPIN",84.000000,-79.000000,0.000000,top
"TP2301","TESTPINTPSQ025","TESTPIN",87.000000,-90.000000,0.000000,top
"TP2302","TESTPINTPSQ025","TESTPIN",141.000000,-73.000000,0.000000,top
"TP2303","TESTPINTPSQ025","TESTPIN",229.500000,-62.500000,0.000000,top
"TP2304","TESTPINTPSQ025","TESTPIN",70.090000,-123.890000,0.000000,top
"U301","24CW640","SOT23-5-SAR",234.500000,-115.000000,0.000000,top
"U303","74LVC1G00","SOT23-5-SAR",208.000000,-89.000000,0.000000,top
"U401","PCA9554APW","TSSOP-16_4.4x5mm_P0.65mm",225.000000,-114.500000,0.000000,top
"U901","LMC6482","SOIC8N-SAR",84.000000,-67.000000,0.000000,top
"U1001","AS169-73","SOT-23-6",136.000000,-79.000000,0.000000,top
"U1002","AS169-73","SOT-23-6",141.000000,-84.000000,180.000000,top
"U1201","AS169-73","SOT-23-6",207.500000,-76.500000,180.000000,top
"U1202","AS169-73","SOT-23-6",198.500000,-67.500000,180.000000,top
"U1402","AS169-73","SOT-23-6",156.000000,-76.000000,180.000000,top
"U1601","ADE-1","MCL-6-SMD_7R97X5R59",111.000000,-86.000000,180.000000,top
"U2001","ADE-1","MCL-6-SMD_7R97X5R59",151.000000,-136.000000,180.000000,top
"U2101","LM380N","DIP-14_W7.62mm_Socket_LongPads",216.000000,-108.000000,90.000000,top
"U2201","DG449DS-T1-E3","SOT-23-8_Handsoldering",110.000000,-108.000000,90.000000,top
"U2202","LMC6482","SOIC8N-SAR",83.000000,-113.000000,180.000000,top
"U2203","LMC6482","SOIC8N-SAR",94.000000,-121.000000,0.000000,top
"VR301","ME6211A33M3G-N","SOT23-3-SAR-V2",224.500000,-129.750000,-90.000000,top
"VR801","NCP1117-5.0_SOT223","SOT-223-TAB-2-SAR",225.500000,-139.750000,90.000000,top
"VR802","MC78M08CDTRKG","TO-252-3_TabPin2",228.175000,-78.750000,180.000000,top
"Y1501","45.1 MHz","MCF-1.875_7.8x3.2",159.000000,-57.000000,180.000000,top
"Y1502","45.1 MHz","MCF-1.875_7.8x3.2",149.500000,-57.000000,0.000000,top
"Y1701","12.288 MHz","Crystal_HC49_Vertical_With_Grounding_Pad",55.000000,-96.000000,-90.000000,top
"Y1702","12.288 MHz","Crystal_HC49_Vertical_With_Grounding_Pad",61.000000,-103.000000,-90.000000,top
"Y1703","12.288 MHz","Crystal_HC49_Vertical_With_Grounding_Pad",55.000000,-110.000000,-90.000000,top
"Y1704","12.288 MHz","Crystal_HC49_Vertical_With_Grounding_Pad",63.000000,-131.000000,180.000000,top
"Y1705","12.288 MHz","Crystal_HC49_Vertical_With_Grounding_Pad",58.000000,-138.000000,0.000000,top
"Y1706","12.288 MHz","Crystal_HC49_Vertical_With_Grounding_Pad",66.000000,-145.000000,0.000000,top
